Cód.,Vinho e Produtor,Preço, Preço CNPJ ,Caixa,Estoque,Classificaçăo,,
,,,,,,,,
,FRANÇA,,,,,,,
,Château Dauzac (Bordeaux),,,,,,,
2723,Comte de Dauzac Bordeaux (Chateau Dauzac)," R$ 273,00 "," R$ 184,67 ",6 X 750ml,766,Tintos,,
2722,Comte de Dauzac Haut-Medoc (Chateau Dauzac)," R$ 434,00 "," R$ 294,08 ",6 X 750ml,473,Tintos,,
2721,Comte de Dauzac Margaux (Chateau Dauzac)," R$ 698,00 "," R$ 471,81 ",6 X 750ml,369,Tintos,,
2720,Chateau Dauzac Grand Vin Margaux (Chateau Dauzac)," R$ 1.550,00 "," R$ 1.052,81 ",6 X 750ml,50,Tintos,,
,,,,,,,,
,Château La Tour de By (Bordeaux - Médoc),,,,,,,
2326,Ch. La Tour De By Rouge," R$ 469,00 "," R$ 318,53 ",12 X 750ml,3,Tintos,,
1754,Ch. La Roque De By (Ch. La Tour De By)," R$ 355,00 "," R$ 239,90 ",12 X 750ml,10,Tintos,,
,,,,,,,,
,Audy (Bordeaux),,,,,,,
2773,Ch. Suduiraut Sauternes 375ml (Audy)," R$ 973,00 "," R$ 661,08 ",24 X,6,Doces e Fortificados,,
2056,Chateau Pierrefitte (Audy)," R$ 595,00 "," R$ 404,12 ",12 X 750ml,378,Tintos,,
2055,Chateau La Croix Calendreau (Audy)," R$ 302,00 "," R$ 205,92 ",12 X 750ml,15,Tintos,,
2054,Chateau Tour De Luchey (Audy)," R$ 208,00 "," R$ 139,42 ",12 X 750ml,281,Tintos,,
2767,Ch.Langoa Barton Saint-Julien (Audy)," R$ 1.626,00 "," R$ 1.105,05 ",6 X 750ml,8,Tintos,,
2768,Ch.Phelan Segur Saint Estephe (Audy)," R$ 1.199,00 "," R$ 815,25 ",12 X 750ml,0,Tintos,,
2769,Ch.Pedesclaux Pauillac (Audy)," R$ 1.417,00 "," R$ 963,48 ",6 X 750ml,5,Tintos,,
2770,Ch.Grand Puy Lacoste Pauillac (Audy)," R$ 2.597,00 "," R$ 1.765,47 ",6 X 750ml,16,Tintos,,
2771,Ch. Bonalgue Pomerol (Audy)," R$ 1.277,00 "," R$ 867,88 ",12 X 750ml,0,Tintos,,
2772,Ch. Grand Pontet Saint Emilion (Audy)," R$ 1.420,00 "," R$ 964,96 ",12 X 750ml,1,Tintos,,
,,,,,,,,
,Producta Vignobles (Bordeaux),,,,,,,
2711,Sauvignon Gris Grain de Lune (Producta Vignobles) ," R$ 175,00 "," R$ 117,86 ",6 X 750ml,96,Brancos,,
2712,Chateau Grand Jouan (Producta Vignobles)," R$ 175,00 "," R$ 117,86 ",6 X 750ml,561,Tintos,,
,,,,,,,,
,Saint-Didier Parnac (Sud-Ouest),,,,,,,
2796,Mission de Cenac Cahors (St Didier Parnac)," R$ 195,00 "," R$ 132,42 ",6 X 750ml,425,Tintos,,
2797,Prieure de Cernac Cahors (St Didier Parnac)," R$ 326,00 "," R$ 221,19 ",6 X 750ml,316,Tintos,,
2798,Prieure de Cernac La Vierge (St Didier Parnac)," R$ 843,00 "," R$ 573,04 ",6 X 750ml,175,Tintos,,
,,,,,,,,
,Alain Brumont (Sud-Ouest),,,,,,,
673,Gros Manseng Sauvignon (Alain Brumont)," R$ 192,00 "," R$ 129,14 ",6 X 750ml,369,Brancos,,
661,La Gascogne Tannat Merlot (Alain Brumont)," R$ 192,00 "," R$ 129,14 ",6 X 750ml,77,Tintos,,
677,Torus Rouge (Alain Brumont)," R$ 315,00 "," R$ 212,77 ",6 X 750ml,115,Tintos,,
672,Ch. Bouscasse (Alain Brumont)," R$ 487,00 "," R$ 330,15 ",6 X 750ml,230,Tintos,,
663,Ch. Montus (Alain Brumont) ," R$ 854,00 "," R$ 580,63 ",6 X 750ml,100,Tintos,,
,,,,,,,,
,Château de Geraud (Sud-Ouest),,,,,,,
2830,Chateau de Geraud Monbazillac (Chateau de Geraud)," R$ 340,00 "," R$ 229,99 ",6 X 750ml,390,Doces e Fortificados,,
,,,,,,,,
,Domaine Antonin Guyon (Bourgogne),,,,,,,
432,Savigny-Les-Beaune (D.A.Guyon)," R$ 1.155,00 "," R$ 785,81 ",12 X 750ml,89,Tintos,,
433,Gevrey-Chambertin (D.A.Guyon)," R$ 1.812,00 "," R$ 1.231,83 ",12 X 750ml,87,Tintos,,
436,Corton Clos Du Roy Gran Cru (D.A.Guyon)," R$ 3.670,00 "," R$ 2.497,56 ",12 X 750ml,75,Tintos,,
478,Bourgogne Cuvee Des Dames De Vergy (D.A.Guyon)," R$ 648,00 "," R$ 440,23 ",12 X 750ml,1,Tintos,,
,,,,,,,,
,Château de La Tour (Bourgogne - Côte de Nuits),,,,,,,
2567,Clos-Vougeot Gran Cru (La Tour)," R$ 4.288,00 "," R$ 2.915,77 ",6 X 750ml,20,Tintos,,
2220,Clos-Vougeot Gran Cru Vieilles Vignes (La Tour)," R$ 8.449,00 "," R$ 5.745,32 ",12 X 750ml,19,Tintos,,
,,,,,,,,
,Domaine Pierre Labet (Bourgogne - Côte de Beaune),,,,,,,
78,Cremant Bourgogne Ac (F. Labet)," R$ 403,00 "," R$ 272,73 ",12 X 750ml,112,Frisantes e Espumantes,,
700,Cremant Bourgogne Rose (F. Labet)," R$ 403,00 "," R$ 272,73 ",12 X 750ml,31,Frisantes e Espumantes,,
2289,Francois Labet Chardonnay  (F. Labet)," R$ 480,00 "," R$ 325,26 ",12 X 750ml,214,Brancos,,
742,Pinot Noir Mediterranee (F.Labet)," R$ 238,00 "," R$ 160,63 ",12 X 750ml,697,Tintos,,
763,Bourgogne Pinot Noir (Labet)," R$ 510,00 "," R$ 345,54 ",12 X 750ml,318,Tintos,,
2568,Beaune 1ER Cru Coucherias (P.Labet)," R$ 1.780,00 "," R$ 1.210,00 ",6 X 750ml,24,Tintos,,
,,,,,,,,
,Château de Cîteaux - Domaine Bouzereau (Bourgogne - Côte de Beaune),,,,,,,
767,Puligny-Montrachet Ler Cru Champs Gains (Bouzereau)," R$ 3.042,00 "," R$ 2.067,95 ",6 X 750ml,11,Brancos,,
2349,Meursault Vieux Clos Monopole (Bouzereau)," R$ 1.994,00 "," R$ 1.355,38 ",6 X 750ml,65,Brancos,,
2650,Meursault Ler Cru Perrieres  (Bouzereau)," R$ 3.937,00 "," R$ 2.676,65 ",6 X 750ml,19,Brancos,,
2829,Chassagne Montrachet Tinto (Bouzereau)," R$ 1.075,00 "," R$ 731,24 ",6 X 750ml,10,Tintos,,
,,,,,,,,
,Domaine Roger Belland (Bourgogne - Côte de Beaune),,,,,,,
1792,Santenay Comme-Dessus Branco (Belland)," R$ 1.200,00 "," R$ 815,21 ",6 X 750ml,137,Brancos,,
2469,Santenay 1Er Cru Beauregard Branco (Belland)," R$ 1.504,00 "," R$ 1.022,93 ",6 X 750ml,17,Brancos,,
1796,Santenay Charmes (Belland)," R$ 927,00 "," R$ 629,63 ",6 X 750ml,168,Tintos,,
2566,Pommard Les Cras (Belland)," R$ 1.794,00 "," R$ 1.218,89 ",6 X 750ml,46,Tintos,,
2471,Santenay 1Er Cru Beauregard Tinto (Belland)," R$ 1.226,00 "," R$ 833,46 ",6 X 750ml,45,Tintos,,
,,,,,,,,
,Suremain (Bourgogne-Côte Chalonnaise),,,,,,,
2740,Mercurey 1ER Cru Em Sazenay Branco (Suremain)," R$ 919,00 "," R$ 624,45 ",6 X 750ml,19,Brancos,,
2741,Mercurey Tinto (Suremain)," R$ 649,00 "," R$ 441,01 ",6 X 750ml,23,Tintos,,
2742,Mercurey 1ER Cru Em Sazenay Tinto (Suremain)," R$ 919,00 "," R$ 624,45 ",6 X 750ml,15,Tintos,,
,,,,,,,,
,Sébastien Giroux (Bourgogne-Mâconnais),,,,,,,
2755,Macon-Fuisse Vers Chanes (Sebastien Giroux)," R$ 468,00 "," R$ 317,95 ",6 X 750ml,44,Brancos,,
2756,Pouilly-Fuisse (Sebastien Giroux)," R$ 569,00 "," R$ 386,15 ",6 X 750ml,141,Brancos,,
2757,Pouilly-Fuisse Vieilles Vignes (Sebastien Giroux)," R$ 733,00 "," R$ 497,97 ",6 X 750ml,95,Brancos,,
2758,Pouilly-Fuisse 1ER Vignes Blanches (Sebastien Giroux)," R$ 998,00 "," R$ 678,80 ",6 X 750ml,54,Brancos,,
,,,,,,,,
,Marc Jambon (Beaujolais),,,,,,,
2759,Beaujolais-Villages (Marc Jambon) ," R$ 272,00 "," R$ 184,18 ",6 X 750ml,605,Tintos,,
2760,Morgon Les Charmes (Marc Jambon) ," R$ 350,00 "," R$ 238,63 ",6 X 750ml,95,Tintos,,
,,,,,,,,
,Alain Geoffroy (Chablis),,,,,,,
769,Petit Chablis (Alain Geoffroy)," R$ 392,00 "," R$ 265,46 ",6 X 750ml,1143,Brancos,,
770,Chablis Vieilles Vignes (Alain Geoffroy)," R$ 514,00 "," R$ 347,89 ",6 X 750ml,425,Brancos,,
1760,Chablis 1Er Cru Beauroy Vieilles Vignes (Alain Geoffroy)," R$ 665,00 "," R$ 451,88 ",6 X 750ml,17,Brancos,,
,,,,,,,,
,Kriter (Bourgogne),,,,,,,
373,Kriter Brut (Sovidis)," R$ 236,00 "," R$ 160,09 ",6 X 750ml,669,Frisantes e Espumantes,,
375,Kriter Rose (Sovidis)," R$ 236,00 "," R$ 160,09 ",6 X 750ml,649,Frisantes e Espumantes,,
,,,,,,,,
,Château de Tracy (Loire - Pouilly-Fumé),,,,,,,
799,Pouilly-Fume (De Tracy)," R$ 655,00 "," R$ 444,85 ",12 X 750ml,150,Brancos,,
,,,,,,,,
,Domaine du Salvard (Loire - Cheverny),,,,,,,
252,Cheverny Blanc Le Vieux Clos (Salvard)," R$ 290,00 "," R$ 195,72 ",12 X 750ml,717,Brancos,,
,,,,,,,,
,Château de Gilličres (Loire),,,,,,,
2265,Muscadet Vieilles Vignes (Gillieres)," R$ 288,00 "," R$ 194,42 ",6 X 750ml,126,Brancos,,
2266,Muscadet Sur Lie (Gillieres)," R$ 208,00 "," R$ 140,58 ",6 X 750ml,302,Brancos,,
2267,Domaine De La Guillaudiere Rose (Gillieres)," R$ 178,00 "," R$ 118,88 ",6 X 750ml,144,Roses,,
,,,,,,,,
,Tracy e Cie (Loire),,,,,,,
2670,Sauvignon Les Marnes (Tracy)," R$ 317,00 "," R$ 214,60 ",12 X 750ml,138,Brancos,,
2853,Pouilly-Fume Argile A Silex (Tracy e Cie)," R$ 518,00 "," R$ 352,89 ",12 X 750ml,139,Brancos,,
,,,,,,,,
,Barnaut (Champagne - Montagne de Reims),,,,,,,
644,Grande Reserve Grand Cru  (Champagne Barnaut)," R$ 942,00 "," R$ 640,46 ",6 X 750ml,200,Frisantes e Espumantes,,
645,Blanc De Noirs Brut Grand Cru (Champagne Barnaut)," R$ 942,00 "," R$ 640,46 ",6 X 750ml,614,Frisantes e Espumantes,,
646,Authentique Rose Brut Grand Cru (Champagne Barnaut)," R$ 942,00 "," R$ 640,46 ",6 X 750ml,242,Frisantes e Espumantes,,
,,,,,,,,
,Paul Mas (Languedoc - Roussillon),,,,,,,
2732,Rivesaltes Ambre Hard D'age (Paul Mas) 375ml," R$ 224,00 "," R$ 151,47 ",12 X,386,Doces e Fortificados,,
2733,Prima Perla Brut Chardonnay (Paul Mas)," R$ 229,00 "," R$ 154,83 ",6 X 750ml,14,Frisantes e Espumantes,,
1484,Claude Val Blanc (Paul Mas)," R$ 123,00 "," R$ 82,61 ",12 X 750ml,5072,Brancos,,
1544,Paul Mas Vermentino (Paul Mas)," R$ 166,00 "," R$ 111,71 ",6 X 750ml,642,Brancos,,
1543,Paul Mas Viognier (Paul Mas)," R$ 213,00 "," R$ 143,33 ",6 X 750ml,1156,Brancos,,
2350,Paul Mas Gewurztraminer (Paul Mas)," R$ 172,00 "," R$ 115,06 ",6 X 750ml,299,Brancos,,
2875,Belluguette Blanc (Paul Mas)," R$ 338,00 "," R$ 229,64 ",6 X 750ml,60,Brancos,,NOVO
2543,Jardin De Roses Rose (Paul Mas) ," R$ 288,00 "," R$ 194,05 ",6 X 750ml,53,Roses,,
1550,Claude Val Rose (Paul Mas)," R$ 123,00 "," R$ 82,61 ",12 X 750ml,8922,Roses,,
2249,Claude Val Rose Magnum (Paul Mas)," R$ 278,00 "," R$ 187,05 ",6 X 1500ml,385,Roses,,
1498,Claude Val Rouge (Paul Mas)," R$ 123,00 "," R$ 82,61 ",12 X 750ml,6031,Tintos,,
1491,Paul Mas Syrah (Paul Mas)," R$ 166,00 "," R$ 111,51 ",6 X 750ml,200,Tintos,,
1492,Paul Mas Grenache Noir (Paul Mas)," R$ 166,00 "," R$ 111,51 ",12 X 750ml,140,Tintos,,
1490,Paul Mas Carignan Vieilles Vignes (Paul Mas)," R$ 213,00 "," R$ 143,33 ",6 X 750ml,373,Tintos,,
2873,Minervois Grand Vin (Pal Mas)," R$ 318,00 "," R$ 216,09 ",6 X 750ml,200,Tintos,,NOVO
2874,Terrasses Du Larzac Grand Vin (Paul Mas)," R$ 318,00 "," R$ 216,09 ",6 X 750ml,9,Tintos,,NOVO
1488,Ch. Paul Mas Clos Des Mures (Paul Mas)," R$ 338,00 "," R$ 228,34 ",6 X 750ml,711,Tintos,,
2876,Clos Savignac (Paul Mas)," R$ 427,00 "," R$ 290,31 ",6 X 750ml,344,Tintos,,NOVO
,,,,,,,,
,Arrogant Frog (Languedoc - Roussillon),,,,,,,
1483,Arrogant Frog Tutti-Frutti Branco (Paul Mas)," R$ 138,00 "," R$ 92,04 ",6 X 750ml,920,Brancos,,
1549,Arrogant Frog Sauvignon Blanc (Paul Mas)," R$ 178,00 "," R$ 119,09 ",6 X 750ml,343,Brancos,,
2570,Arrogant Frog Rose (Paul Mas)," R$ 138,00 "," R$ 92,04 ",6 X 750ml,566,Roses,,
2792,Arrogant Frog Orange (Paul Mas) ," R$ 209,00 "," R$ 140,88 ",6 X 750ml,606,Laranjas,,
1496,Arrogant Frog Tutti-Frutti Tinto (Paul Mas)," R$ 138,00 "," R$ 92,04 ",6 X 750ml,1357,Tintos,,
1548,Arrogant Frog Cabernet Merlot (Paul Mas)," R$ 178,00 "," R$ 119,09 ",6 X 750ml,344,Tintos,,
1495,Arrogant Frog Syrah Viognier (Paul Mas)," R$ 178,00 "," R$ 119,09 ",6 X 750ml,338,Tintos,,
1547,Arrogant Frog Pinot Noir (Paul Mas)," R$ 205,00 "," R$ 137,72 ",6 X 750ml,213,Tintos,,
1497,Arrogant Frog Reserve Gsm (Paul Mas)," R$ 205,00 "," R$ 137,72 ",6 X 750ml,42,Tintos,,
,,,,,,,,
,Paul Mas L'Artisan (Languedoc - Roussillon),,,,,,,
2724,Chardonnay Lartisan(Paul Mas)," R$ 205,00 "," R$ 139,50 ",6 X 750ml,21,Brancos,,
2726,Pinot Noir Lartisan (Paul Mas)," R$ 205,00 "," R$ 139,50 ",6 X 750ml,17,Tintos,,
2727,Grenache Lartisan (Paul Mas) ," R$ 205,00 "," R$ 139,50 ",6 X 750ml,126,Tintos,,
,,,,,,,,
,Château de Berne (Provence),,,,,,,
2780,Rose Romance (Chateau de Berne) ," R$ 234,00 "," R$ 158,62 ",6 X,2115,Roses,,
2781,Rose Inspiration (Chateau de Berne)," R$ 359,00 "," R$ 244,28 ",6 X,294,Roses,,
2782,Rose La Grande Cuvee (Chateaus de Berne)," R$ 527,00 "," R$ 357,68 ",6 X,76,Roses,,
,,,,,,,,
,Breban (Provence),,,,,,,
2425,Lavendette Rose (Breban)," R$ 191,00 "," R$ 129,55 ",12 X 750ml,427,Roses,,
2268,Lavendette Rose Magnum (Breban)," R$ 444,00 "," R$ 301,31 ",6 X 1500ml,22,Roses,,
,,,,,,,,
,Château de la Gardine (Rhône Sud),,,,,,,
622,Cotes Du Rhone Villages Rouge (Ch. La Gardine)," R$ 395,00 "," R$ 268,60 ",6 X 750ml,397,Tintos,,
624,Chateauneuf Du Pape Rouge (Ch. La Gardine) ," R$ 904,00 "," R$ 613,96 ",6 X 750ml,57,Tintos,,
,,,,,,,,
,Brunel Pčre Et Fils (Rhône Sud),,,,,,,
2491,Cotes Du Rhone Branco (Brunel)," R$ 222,00 "," R$ 148,92 ",6 X 750ml,1628,Brancos,,
2892,Condrieu (Brunel)," R$ 1.097,00 "," R$ 745,96 ",6 X 750ml,88,Brancos,,NOVO
2492,Cotes Du Rhone Tinto (Brunel)," R$ 222,00 "," R$ 148,92 ",6 X 750ml,1596,Tintos,,
1189,Cairanne (Brunel) ," R$ 290,00 "," R$ 194,97 ",6 X 750ml,737,Tintos,,
2572,Crozes-Hermitage (Brunel)," R$ 434,00 "," R$ 293,41 ",6 X 750ml,162,Tintos,,
1190,St. Joseph (Brunel) ," R$ 497,00 "," R$ 336,30 ",6 X 750ml,141,Tintos,,
1191,Gigondas (Brunel) ," R$ 540,00 "," R$ 366,21 ",6 X 750ml,174,Tintos,,
2893,Hermitage (Brunel)," R$ 1.145,00 "," R$ 778,60 ",6 X 750ml,87,Tintos,,NOVO
,,,,,,,,
,ITÁLIA,,,,,,,
,Pio Cesare (Piemonte),,,,,,,
2477,Barolo Chinato (Pio Cesare)," R$ 1.549,00 "," R$ 1.053,31 ",6 X 750ml,4,Doces e Fortificados,,
444,L Altro Chardonnay (Pio Cesare) ," R$ 438,00 "," R$ 296,98 ",12 X 750ml,343,Brancos,,
445,Piodilei Chardonnay (Pio Cesare) ," R$ 986,00 "," R$ 669,90 ",12 X 750ml,97,Brancos,,
2842,Sauvignon Blanc (Pio Cesare) ," R$ 715,00 "," R$ 486,04 ",12 X 750ml,125,Brancos,,
461,Barbera Dalba (Pio Cesare) ," R$ 460,00 "," R$ 312,65 ",12 X 750ml,271,Tintos,,
423,Barbera Dalba Magnum (Pio Cesare) ," R$ 892,00 "," R$ 606,12 ",6 X 1500ml,87,Tintos,,
488,Barbera Fides (Pio Cesare) ," R$ 838,00 "," R$ 568,77 ",12 X 750ml,118,Tintos,,
1703,Oltre (Pio Cesare)," R$ 596,00 "," R$ 404,71 ",12 X 750ml,58,Tintos,,
1960,Nebbiolo Langhe (Pio Cesare)," R$ 697,00 "," R$ 472,21 ",12 X 750ml,208,Tintos,,
197,Barolo (Pio Cesare)," R$ 1.587,00 "," R$ 1.078,69 ",12 X 750ml,509,Tintos,,
2031,Barolo Magnum (Pio Cesare)," R$ 3.385,00 "," R$ 2.301,76 ",6 X 1500ml,62,Tintos,,
696,Barbaresco (Pio Cesare)," R$ 1.587,00 "," R$ 1.078,67 ",12 X 750ml,98,Tintos,,
697,Barolo Ornato (Pio Cesare)," R$ 2.169,00 "," R$ 1.473,31 ",12 X 750ml,170,Tintos,,
698,Barbaresco Ii Bricco (Pio Cesare)," R$ 2.169,00 "," R$ 1.578,29 ",12 X 750ml,55,Tintos,,
2684,Barolo Mosconi (Pio Cesare)," R$ 2.876,00 "," R$ 1.955,05 ",3 X 750ml,22,Tintos,,
,,,,,,,,
,Proprietŕ Sperino (Piemonte - Lessona),,,,,,,
2342,Uvaggio Rosso Costa Della Sesia (Proprieta Sperino)," R$ 672,00 "," R$ 456,19 ",6 X 750ml,6,Tintos,,
2343,Lessona (Proprieta Sperino)," R$ 1.203,00 "," R$ 816,13 ",6 X 750ml,4,Tintos,,
,,,,,,,,
,Bel Colle (Piemonte),,,,,,,
2638,Asti Dolce Millesimato (Bel Colle)," R$ 182,00 "," R$ 121,99 ",6 X 750ml,473,Frisantes e Espumantes,,
2754,Gavi Di Gavi (Bel Colle)," R$ 265,00 "," R$ 179,30 ",6 X 750ml,42,Brancos,,
2633,Barbera D'Asti (Bel Colle) ," R$ 162,00 "," R$ 109,31 ",6 X 750ml,1037,Tintos,,
2590,Barbera D'Asti Nuwanda (Bel Colle)," R$ 368,00 "," R$ 248,44 ",6 X 750ml,332,Tintos,,
2634,Barbaresco Convivio (Bel Colle) ," R$ 438,00 "," R$ 296,86 ",6 X 750ml,103,Tintos,,
2587,Barbaresco Pajore (Bel Colle)," R$ 846,00 "," R$ 573,67 ",6 X 750ml,72,Tintos,,
2636,Langhe Nebbiolo (Bel Colle) ," R$ 288,00 "," R$ 193,72 ",6 X 750ml,345,Tintos,,
2635,Barolo (Bel Colle)," R$ 560,00 "," R$ 380,74 ",6 X 750ml,108,Tintos,,
2637,Barolo Simposio (Bel Colle)," R$ 720,00 "," R$ 488,37 ",6 X 750ml,62,Tintos,,
2681,Barolo Riserva 10 Anni (Bel Colle)," R$ 875,00 "," R$ 595,53 ",6 X 750ml,400,Tintos,,
2589,Barolo Monvigliero (Bel Colle) ," R$ 875,00 "," R$ 594,09 ",6 X 750ml,81,Tintos,,
,,,,,,,,
,Tenuta Podernovo (Toscana - Pisa),,,,,,,
1012,Aliotto (Podernovo) ," R$ 249,00 "," R$ 167,14 ",6 X 750ml,1291,Tintos,,
1534,Teuto (Podernovo) ," R$ 447,00 "," R$ 301,87 ",6 X 750ml,10,Tintos,,
,,,,,,,,
,Ferrari (Trentino),,,,,,,
408,Ferrari Blanc de Blancs Maximum," R$ 496,00 "," R$ 336,98 ",6 X 750ml,1226,Frisantes e Espumantes,,
409,Ferrari Blanc de Blancs Maximum Magnum," R$ 1.079,00 "," R$ 732,79 ",6 X 1500ml,113,Frisantes e Espumantes,,
1686,Ferrari Maximum Rose," R$ 575,00 "," R$ 390,56 ",6 X 750ml,985,Frisantes e Espumantes,,
410,Ferrari Perle ," R$ 692,00 "," R$ 470,08 ",6 X 750ml,677,Frisantes e Espumantes,,
470,Ferrari Perle Nero ," R$ 1.672,00 "," R$ 1.136,70 ",6 X 750ml,95,Frisantes e Espumantes,,
413,Giulio Ferrari Riserva ," R$ 3.116,00 "," R$ 2.118,47 ",6 X 750ml,38,Frisantes e Espumantes,,
2600,Giulio Ferrari Riserva Rose," R$ 4.674,00 "," R$ 3.178,93 ",1 X 750ml,0,Frisantes e Espumantes,,
,,,,,,,,
,Damijan (Friuli-Venezia Giulia),,,,,,,
2783,Pinot Grigio (Damijan) ," R$ 1.294,00 "," R$ 879,81 ",6 X 750ml,59,Laranjas,,
2172,Ribolla Gialla (Damijan) ," R$ 1.294,00 "," R$ 879,81 ",6 X 750ml,37,Laranjas,,
2174,Prelit (Damijan) ," R$ 1.294,00 "," R$ 879,81 ",6 X 750ml,17,Tintos,,
,,,,,,,,
,Armani (Veneto/Trentino),,,,,,,
336,Sauvignon Blanc (Armani)," R$ 211,00 "," R$ 142,23 ",6 X 750ml,499,Brancos,,
330,Pinot Grigio Corvara (Armani) ," R$ 211,00 "," R$ 142,23 ",6 X,1267,Brancos,,
2648,Pinot Grigio Friuli Grave (Armani) ," R$ 211,00 "," R$ 142,06 ",6 X 750ml,802,Brancos,,
2738,Orange From The Basement (Armani) ," R$ 327,00 "," R$ 221,13 ",12 X 750ml,708,Laranjas,,
2272,Pinot Nero (Armani) ," R$ 211,00 "," R$ 142,23 ",6 X 750ml,699,Tintos,,
337,Foja Tonda (Armani) ," R$ 305,00 "," R$ 205,75 ",6 X 750ml,59,Tintos,,
2713,Amarone Riserva Cuslanus (Armani) ," R$ 848,00 "," R$ 575,68 ",6 X 750ml,28,Tintos,,
,,,,,,,,
,Michele Castellani (Veneto),,,,,,,
401,Valpolicella Classico I Castei (Michele Castellani) ," R$ 258,00 "," R$ 174,59 ",6 X 750ml,199,Tintos,,
412,Valpolicella Ripasso I Castei (Michele Castellani) ," R$ 345,00 "," R$ 234,03 ",6 X 750ml,135,Tintos,,
426,Amarone Classico Valpolicella (Michele Castellani)," R$ 752,00 "," R$ 509,83 ",6 X 750ml,87,Tintos,,
425,Amarone I Castei Campo Casalin (Michele Castellani) ," R$ 797,00 "," R$ 539,71 ",6 X 750ml,129,Tintos,,
578,Amarone Clas. Cinque Stelle Doc  (Michele Castellani)," R$ 1.024,00 "," R$ 693,88 ",6 X 750ml,78,Tintos,,
,,,,,,,,
,Ca' La Bionda (Valpolicella),,,,,,,
2434,Valpolicella Classico (Ca La Bionda)," R$ 402,00 "," R$ 272,85 ",6 X 750ml,125,Tintos,,
2435,Valpolicella Superiore Casalvegri (Ca La Bionda)," R$ 584,00 "," R$ 396,54 ",6 X 750ml,66,Tintos,,
2436,Amarone Classico (Ca La Bionda)," R$ 980,00 "," R$ 666,10 ",6 X 750ml,16,Tintos,,
2739,Amarone Ravazzol Riserva (Ca La Bionda)," R$ 1.832,00 "," R$ 1.244,91 ",6 X 750ml,89,Tintos,,
,,,,,,,,
,Anselmi (Veneto - Soave),,,,,,,
2175,San Vicenzo (Anselmi)," R$ 395,00 "," R$ 267,01 ",6 X 750ml,93,Brancos,,
2176,Capitel Croce (Anselmi) ," R$ 642,00 "," R$ 436,07 ",6 X 750ml,62,Brancos,,
,,,,,,,,
,Bedin (Veneto),,,,,,,
325,Prosecco Extra Dry (Bedin)," R$ 199,00 "," R$ 134,12 ",6 X 750ml,2,Frisantes e Espumantes,,
,,,,,,,,
,Medici Ermete (Emilia - Romagna),,,,,,,
1452,Lambrusco Bianco Dolce Dell Emilia (Medici Ermete)," R$ 89,00 "," R$ 60,11 ",12 X 750ml,2011,Frisantes e Espumantes,,
1455,Lambrusco Rosso Dolce Dell Emilia (Medici Ermete)," R$ 89,00 "," R$ 60,11 ",12 X 750ml,381,Frisantes e Espumantes,,
1458,Lambrusco Reggiano Concerto (Medici Ermete)," R$ 269,00 "," R$ 181,73 ",6 X 750ml,61,Frisantes e Espumantes,,
2743,Lambrusco Phermento (Medici Ermete) ," R$ 269,00 "," R$ 181,73 ",6 X 750ml,62,Frisantes e Espumantes,,
,,,,,,,,
,San Fabiano Calcinaia (Toscana - Chianti Classico),,,,,,,
472,Chianti Classico (San Fabiano) ," R$ 400,00 "," R$ 270,83 ",6 X 750ml,60,Tintos,,
475,Cerviolo Rosso (San Fabiano)," R$ 925,00 "," R$ 628,65 ",6 X 750ml,47,Tintos,,
2184,Chianti Classico Cellole Gran Selezione (San Fabiano)," R$ 720,00 "," R$ 489,36 ",6 X 750ml,80,Tintos,,
,,,,,,,,
,Straccali (Toscana),,,,,,,
2715,Pinot Grigio (Giulio Straccali)," R$ 154,00 "," R$ 103,94 ",12 X 750ml,918,Brancos,,
2856,Vino Bianco (Giulio Straccali)," R$ 129,00 "," R$ 87,69 ",6 X 750ml,705,Brancos,,
2857,Vino Rosso (Giulio Straccali)," R$ 129,00 "," R$ 87,69 ",6 X 750ml,651,Tintos,,NOVO
2652,Toscana Rosso (Giulio Stracalli)," R$ 154,00 "," R$ 103,33 ",12 X 750ml,1034,Tintos,,NOVO
2858,Chianti (Giulio Straccali)," R$ 190,00 "," R$ 128,78 ",12 X 750ml,148,Tintos,,NOVO
2859,Chianti Classico (Giulio Straccali)," R$ 328,00 "," R$ 222,65 ",6 X 750ml,146,Tintos,,NOVO
,,,,,,,,
,Montevertine (Toscana - Chianti Classico),,,,,,,
2355,Montevertine (Montevertine)," R$ 1.890,00 "," R$ 1.284,56 ",6 X 750ml,50,Tintos,,
2357,Le Pergole Torte (Montevertine)," R$ 4.432,00 "," R$ 3.013,06 ",6 X 750ml,58,Tintos,,
,,,,,,,,
,Folonari (Toscana),,,,,,,
2860,Le Bruniche Chardonnay (Folonari)," R$ 303,00 "," R$ 205,91 ",6 X 750ml,589,Brancos,,NOVO
2861,Villa Nozzole Chianti Classico (Folonari)," R$ 303,00 "," R$ 205,91 ",12 X 750ml,627,Tintos,,NOVO
2862,Nozzole Chianti Classico Riserva (Folonari)," R$ 402,00 "," R$ 272,85 ",12 X 750ml,462,Tintos,,NOVO
2865,Campo Al Mare Bolgheri (Folonari)," R$ 618,00 "," R$ 419,82 ",6 X 750ml,400,Tintos,,NOVO
2863,La Forra Chianti Classico Riserva (Folonari)," R$ 618,00 "," R$ 419,82 ",6 X 750ml,344,Tintos,,NOVO
2864,Cabreo Il Borgo (Folonari)," R$ 1.112,00 "," R$ 755,98 ",6 X 750ml,81,Tintos,,NOVO
,,,,,,,,
,Isole e Olena (Toscana - Chianti Classico),,,,,,,
2793,Chardonnay IGT Toscana (Isole E Olena)," R$ 1.664,00 "," R$ 1.131,41 ",6 X 750ml,109,Brancos,,
2344,Chianti Classico (Isole E Olena)," R$ 615,00 "," R$ 417,84 ",12 X 750ml,174,Tintos,,
2345,Syrah Collezione Privata (Isole E Olena)," R$ 1.505,00 "," R$ 1.023,01 ",6 X 750ml,94,Tintos,,
2346,Cepparello (Isole E Olena)," R$ 2.680,00 "," R$ 1.822,64 ",6 X 750ml,393,Tintos,,
,,,,,,,,
,Caprili (Toscana - Montalcino),,,,,,,
2169,Rosso Di Montalcino Doc (Caprili)," R$ 407,00 "," R$ 275,28 ",12 X 750ml,127,Tintos,,
512,Brunello Di Montalcino (Caprili)," R$ 948,00 "," R$ 644,05 ",12 X 750ml,956,Tintos,,
511,Brunello Di Montalcino Riserva (Caprili)," R$ 2.180,00 "," R$ 1.479,50 ",6 X 750ml,37,Tintos,,
190,Brunello Di Montalcino Magnum (Caprili)," R$ 2.232,00 "," R$ 1.517,61 ",3 X 1500ml,11,Tintos,,
,,,,,,,,
,Salvioni - La Cerbaiola (Toscana - Montalcino),,,,,,,
1064,Rosso Di Montalcino (Salvioni)," R$ 1.946,00 "," R$ 1.323,04 ",6 X 750ml,94,Tintos,,
1013,Brunello Di Montalcino (Salvioni)," R$ 3.544,00 "," R$ 2.408,91 ",6 X 750ml,17,Tintos,,
,,,,,,,,
,Cardčto (Umbria),,,,,,,
1958,Villa Cardeto Pinot Grigio (Cardeto)," R$ 127,00 "," R$ 85,00 ",6 X 750ml,3456,Brancos,,
1957,Villa Cardeto Sangiovese (Cardeto)," R$ 127,00 "," R$ 86,07 ",6 X 750ml,1431,Tintos,,
1976,Villa Cardeto Sangiovese 375Ml (Cardeto)," R$ 82,00 "," R$ 53,52 ",12 X,121,Tintos,,
,,,,,,,,
,Tenuta Castelbuono (Umbria),,,,,,,
1020,Ziggurat Montefalco Rosso (Castelbuono)," R$ 329,00 "," R$ 222,70 ",6 X 750ml,430,Tintos,,
1091,Carapace Montefalco Sagrantino (Castelbuono) ," R$ 657,00 "," R$ 445,37 ",6 X 750ml,39,Tintos,,
,,,,,,,,
,Umani Ronchi (Marche),,,,,,,
2155,Verdicchio Villa Bianchi (Umani Ronchi)," R$ 178,00 "," R$ 119,84 ",6 X 750ml,75,Brancos,,
2156,Verdicchio Casal Di Serra (Umani Ronchi)," R$ 268,00 "," R$ 180,67 ",6 X 750ml,61,Brancos,,
2157,Podere Montepulciano D Abruzzo (Umani Ronchi)," R$ 152,00 "," R$ 102,11 ",6 X 750ml,2281,Tintos,,
2158,Rosso Conero Serrano (Umani Ronchi)," R$ 197,00 "," R$ 132,52 ",6 X 750ml,31,Tintos,,
2159,Rosso Conero San Lorenzo (Umani Ronchi)," R$ 268,00 "," R$ 180,67 ",6 X 750ml,137,Tintos,,
2161,Rosso Conero Cumaro Riserva (Umani Ronchi)," R$ 532,00 "," R$ 360,58 ",6 X 750ml,69,Tintos,,
2162,Pelago (Umani Ronchi)," R$ 839,00 "," R$ 569,19 ",6 X 750ml,90,Tintos,,
2794,Montepulciano D Abruzzo Jorio (Umani Ronchi)," R$ 287,00 "," R$ 194,17 ",6 X 750ml,223,Tintos,,
,,,,,,,,
,Valentini (Abruzzo),,,,,,,
2188,Trebbiano Dabruzzo (Valentini) ," R$ 4.095,00 "," R$ 2.784,60 ",12 X 750ml,53,Brancos,,
,,,,,,,,
,PietraPura (Puglia),,,,,,,
2627,Primitivo Di Manduria Cotis (PietraPura) ," R$ 355,00 "," R$ 240,70 ",6 X,893,Tintos,,
2628,Primitivo Di Manduria Mandus (PietraPura) ," R$ 228,00 "," R$ 154,18 ",6 X,913,Tintos,,
2629,Negroamaro Nterra (PietraPura) ," R$ 138,00 "," R$ 92,28 ",6 X,583,Tintos,,
2630,Primitivo Hyria (PietraPura)," R$ 155,00 "," R$ 104,84 ",6 X,1084,Tintos,,
,,,,,,,,
,Curatolo Arini (Sicilia),,,,,,,
2456,Marsala Fine Semisecco (Curatolo Arini)," R$ 160,00 "," R$ 106,86 ",6 X 750ml,107,Doces e Fortificados,,
2264,Grillo (Curatolo Arini)," R$ 250,00 "," R$ 167,13 ",6 X 750ml,191,Brancos,,
2132,Borgo Selene Grillo (Curatolo Arini)," R$ 143,00 "," R$ 96,18 ",6 X 750ml,119,Brancos,,
2131,Borgo Selene Nero D Avola (Curatolo Arini)," R$ 143,00 "," R$ 96,18 ",6 X 750ml,100,Tintos,,
2263,Nero D Avola (Curatolo Arini)," R$ 250,00 "," R$ 167,13 ",6 X 750ml,225,Tintos,,
2867,Syrah (Curatolo Arini)," R$ 250,00 "," R$ 169,53 ",6 X 750ml,16,Tintos,,NOVO
2868,Sciarra Soprana Nero D’Avola Riserva (Curatolo Arini)," R$ 470,00 "," R$ 319,41 ",6 X 750ml,19,Tintos,,NOVO
,,,,,,,,
,ESPANHA,,,,,,,
,"Reta Espanha (Rioja, Sierra de Salamanca e Marco de Jerez)",,,,,,,
2869,M2 (Reta Marcelo Retamal)," R$ 745,00 "," R$ 506,60 ",6 X 750ml,35,Brancos,,NOVO
2870,Ta Mira (Reta Marcelo Retamal)," R$ 1.080,00 "," R$ 734,40 ",6 X 750ml,25,Brancos,,NOVO
2872,Ta Rraz (Reta Marcelo Retamal)," R$ 889,00 "," R$ 604,52 ",6 X 750ml,174,Tintos,,NOVO
2871,Ta Rilla (Reta Marcelo Retamal)," R$ 1.080,00 "," R$ 734,40 ",6 X 750ml,108,Tintos,,NOVO
,,,,,,,,
,Arzuaga Navarro (Ribera del Duero),,,,,,,
2888,Chardonnay Pago Mota (Bodesgas Arzuaga)," R$ 191,00 "," R$ 129,88 ",12 X 750ml,58,Brancos,,NOVO
2889,Chardonnay Fan D.Oro (Bodegas Arzuaga)," R$ 385,00 "," R$ 261,80 ",6 X 750ml,69,Brancos,,NOVO
1180,La Planta Arzuaga (Bodegas Arzuaga)," R$ 295,00 "," R$ 199,25 ",12 X 750ml,264,Tintos,,
1183,Pago Florentino (Bodegas Arzuaga)," R$ 387,00 "," R$ 261,76 ",12 X 750ml,242,Tintos,,
1178,Arzuaga Crianza (Bodegas Arzuaga)," R$ 598,00 "," R$ 404,99 ",12 X 750ml,210,Tintos,,
1179,Arzuaga Crianza Magnum (Bodegas Arzuaga)," R$ 1.285,00 "," R$ 873,80 ",6 X 1500ml,19,Tintos,,NOVO
1177,Arzuaga Reserva (Bodegas Arzuaga)," R$ 989,00 "," R$ 671,65 ",6 X 750ml,191,Tintos,,
2890,Arzuaga Reserva Magnum (Bodegas Arzuaga)," R$ 2.125,00 "," R$ 1.445,00 ",1 X 750ml,44,Tintos,,NOVO
1175,Arzuaga Gran Reserva (Bodegas Arzuaga)," R$ 2.307,00 "," R$ 1.568,39 ",6 X 750ml,129,Tintos,,
1176,Arzuaga Reserva Especial (Bodegas Arzuaga)," R$ 1.473,00 "," R$ 1.001,86 ",6 X 750ml,73,Tintos,,
,,,,,,,,
,Dominio de Cair (Ribera del Duero),,,,,,,
2442,Cair Cuvee (Dominio De Cair)," R$ 399,00 "," R$ 270,21 ",6 X 750ml,294,Tintos,,
2623,Seleccion La Aguilera (Dominio De Cair)," R$ 613,00 "," R$ 415,31 ",6 X 750ml,89,Tintos,,
2102,Tierra De Cair (Dominio De Cair)," R$ 891,00 "," R$ 605,88 ",6 X 750ml,20,Tintos,,NOVO
,,,,,,,,
,Amaren (Rioja),,,,,,,
2443,Coleccion de Vinedos (Amaren)," R$ 369,00 "," R$ 249,31 ",6 X 750ml,60,Tintos,,
1129,Tempranillo Graciano Angeles (Amaren) ," R$ 474,00 "," R$ 323,22 ",6 X 750ml,11,Tintos,,
287,Tempranillo 60 Reserva (Amaren)," R$ 941,00 "," R$ 639,56 ",6 X 750ml,52,Tintos,,
,,,,,,,,
,Luis Cańas (Rioja),,,,,,,
281,Rioja Branco (Luis Canas)," R$ 163,00 "," R$ 108,95 ",12 X 750ml,804,Brancos,,
282,Luis Canas Bf Barrica Branco ," R$ 315,00 "," R$ 213,26 ",12 X 750ml,1244,Brancos,,
280,Rioja Tinto Maceracion Carbonica (Luis Canas) ," R$ 163,00 "," R$ 109,49 ",12 X 750ml,894,Tintos,,
283,Rioja Tinto Crianza (Luis Canas) ," R$ 298,00 "," R$ 200,43 ",12 X 750ml,13,Tintos,,
1211,Luis Canas Crianza Tinto Magnum ," R$ 619,00 "," R$ 419,76 ",6 X 1500ml,1,Tintos,,
284,Luis Canas Reserva," R$ 440,00 "," R$ 298,09 ",12 X 750ml,85,Tintos,,
285,Luis Canas Reserva Familia," R$ 609,00 "," R$ 413,45 ",6 X 750ml,528,Tintos,,
286,Luis Canas Gran Reserva," R$ 817,00 "," R$ 554,66 ",6 X 750ml,180,Tintos,,
2891,El Palacio (Luis Canas)," R$ 1.110,00 "," R$ 754,80 ",4 X 1500ml,50,Tintos,,NOVO
,,,,,,,,
,Pago de Cirsus (Navarra),,,,,,,
806,Oak Aged Navarra (Pago Cirsus) ," R$ 194,00 "," R$ 130,54 ",12 X 750ml,84,Tintos,,
808,Vendimia Seleccionada Navarra (Pago Cirsus)," R$ 271,00 "," R$ 182,50 ",12 X 750ml,3,Tintos,,
,,,,,,,,
,Rolland Galarreta (Catalunya-Priorat),,,,,,,
2761,Clos D En Ferran Priorat (Rolland Galarreta)," R$ 949,00 "," R$ 644,84 ",6 X 750ml,160,Tintos,,
,,,,,,,,
,Raventós I Blanc (Cataluńa - Conca del Riu Anoia),,,,,,,
434,Blanc De Blancs Brut (Raventos)," R$ 487,00 "," R$ 329,42 ",6 X 750ml,229,Frisantes e Espumantes,,
731,De Nit Rose (Raventos)," R$ 515,00 "," R$ 348,52 ",6 X 750ml,319,Frisantes e Espumantes,,
,,,,,,,,
,Bella Conchi (Cataluńa - Cava),,,,,,,
2090,Bellaconchi Brut Seleccion (Bella Conchi)," R$ 220,00 "," R$ 148,57 ",12 X 750ml,207,Frisantes e Espumantes,,
2091,Bellaconchi Brut Rose (Bella Conchi)," R$ 220,00 "," R$ 147,82 ",12 X 750ml,166,Frisantes e Espumantes,,
2093,Bellaconchi Brut Reserva (Bella Conchi)," R$ 273,00 "," R$ 183,86 ",12 X 750ml,179,Frisantes e Espumantes,,
,,,,,,,,
,Bodegas Muńoz - Artero (La Mancha),,,,,,,
296,Artero Macabeo-Verdejo (Bodegas Munoz) ," R$ 120,00 "," R$ 80,17 ",12 X 750ml,576,Brancos,,
309,Artero Rose (Bodegas Munoz) ," R$ 120,00 "," R$ 80,17 ",12 X 750ml,2688,Roses,,
1278,Legado Munoz Garnacha (Bodegas Munoz) ," R$ 120,00 "," R$ 79,41 ",12 X 750ml,882,Tintos,,
295,Artero Tempranillo (Bodegas Munoz)," R$ 120,00 "," R$ 80,21 ",12 X 750ml,600,Tintos,,
297,Artero Crianza (Bodegas Munoz)," R$ 182,00 "," R$ 122,19 ",12 X 750ml,887,Tintos,,
298,Artero Reserva (Bodegas Munoz)," R$ 229,00 "," R$ 153,96 ",12 X 750ml,109,Tintos,,
299,Coleccion De La Familia (Bodegas Munoz)," R$ 242,00 "," R$ 163,23 ",12 X 750ml,150,Tintos,,
,,,,,,,,
,Bodegas Lozano (La Mancha),,,,,,,
2375,Marques De Toledo Verdejo (Lozano)," R$ 118,00 "," R$ 78,13 ",6 X 750ml,1940,Brancos,,
2376,Marques De Toledo Tempranillo Crianza (Lozano)," R$ 133,00 "," R$ 89,82 ",6 X 750ml,1886,Tintos,,
2515,Marques De Toledo Gran Reserva (Lozano)," R$ 155,00 "," R$ 104,30 ",6 X 750ml,2831,Tintos,,
2377,Rey De Copas Tempranillo (Lozano) ," R$ 79,00 "," R$ 51,94 ",6 X 750ml,8691,Tintos,,
Linha Ophicus,,,,,,,,
2379,Ophicus Brut (Lozano)," R$ 83,00 "," R$ 54,40 ",6 X 750ml,14306,Frisantes e Espumantes,,
2500,Ophicus Rose (Lozano)," R$ 83,00 "," R$ 54,40 ",6 X 750ml,15106,Frisantes e Espumantes,,
,,,,,,,,
,PORTUGAL,,,,,,,
,Domingos Alves de Sousa (Douro),,,,,,,
2737,Caldas Porto Tawny Special Reserve (Alves de Sousa)," R$ 335,00 "," R$ 227,49 ",6 X 750ml,27,Doces e Fortificados,,
968,Quinta da Gaivosa Porto LBV (Alves de Sousa) ," R$ 480,00 "," R$ 326,19 ",6 X 750ml,81,Doces e Fortificados,,
2735,Quinta da Gaivosa Porto Vintage (Alves de Sousa)," R$ 1.095,00 "," R$ 743,20 ",6 X 750ml,158,Doces e Fortificados,,
945,Estacao Branco (Alves De Sousa) ," R$ 140,00 "," R$ 94,28 ",12 X 750ml,365,Brancos,,
948,Quinta da Gaivosa Branco (Alves De Sousa)," R$ 302,00 "," R$ 205,04 ",6 X 750ml,322,Brancos,,
942,Estacao Tinto (Alves De Sousa) ," R$ 140,00 "," R$ 94,28 ",12 X 750ml,149,Tintos,,
940,Quinta das Caldas (Alves De Sousa)," R$ 179,00 "," R$ 121,12 ",12 X 750ml,263,Tintos,,
983,Quinta das Caldas 375Ml (Alves De Sousa) ," R$ 116,00 "," R$ 77,94 ",24 X 375ml,29,Tintos,,
891,Caldas Reserva (Alves De Sousa)," R$ 370,00 "," R$ 250,99 ",6 X 750ml,58,Tintos,,
943,Quinta do Vale da Raposa Reserva (Alves De Sousa)," R$ 243,00 "," R$ 163,75 ",6 X 750ml,546,Tintos,,
939,Quinta do Vale da Raposa Touriga Nacional (Alves De Sousa)," R$ 704,00 "," R$ 477,11 ",6 X 750ml,20,Tintos,,
944,Quinta Da Gaivosa Tinto (Alves De Sousa)," R$ 912,00 "," R$ 619,92 ",6 X 750ml,746,Tintos,,
2573,Gaivosa Primeiros Anos (Alves De Sousa)," R$ 330,00 "," R$ 224,52 ",6 X 750ml,384,Tintos,,
2750,Quinta da Oliveirinha Reserva (Alves de Sousa)," R$ 314,00 "," R$ 211,90 ",6 X 750ml,306,Tintos,,
2751,Quinta da Oliveirinha Grande Reserva (Alves de Sousa)," R$ 630,00 "," R$ 428,26 ",6 X 750ml,60,Tintos,,
991,Abandonado (Alves De Sousa) ," R$ 1.795,00 "," R$ 1.220,18 ",6 X 750ml,236,Tintos,,
2831,Memoria Douro Tinto (Alves de Sousa) ," R$ 5.136,00 "," R$ 3.492,20 ",1 X 750ml,116,Tintos,,
,,,,,,,,
,Anselmo Mendes (Minho - Vinho Verde),,,,,,,
1474,Muros Antigos Escolha (Anselmo Mendes)," R$ 163,00 "," R$ 110,16 ",6 X 750ml,1524,Brancos,,
981,Loureiro Muros Antigos (Anselmo Mendes)," R$ 183,00 "," R$ 122,58 ",6 X 750ml,1134,Brancos,,
1473,Alvarinho Contacto (Anselmo Mendes)," R$ 312,00 "," R$ 211,27 ",6 X,397,Brancos,,
966,Alvarinho Muros Antigos (Anselmo Mendes)," R$ 312,00 "," R$ 211,27 ",6 X 750ml,596,Brancos,,
965,Alvarinho Muros Melgaco (Anselmo Mendes)," R$ 449,00 "," R$ 304,10 ",6 X 750ml,726,Brancos,,
1005,Alvarinho Curtimenta (Anselmo Mendes)," R$ 760,00 "," R$ 514,63 ",6 X 750ml,79,Brancos,,
1571,Parcela Unica (Anselmo Mendes)," R$ 760,00 "," R$ 514,63 ",6 X 750ml,208,Brancos,,
2115,Pardusco Tinto (Anselmo Mendes)," R$ 225,00 "," R$ 152,42 ",6 X 750ml,534,Tintos,,
2571,Pardusco Prvt Escolha (Anselmo Mendes)," R$ 520,00 "," R$ 352,99 ",6 X 750ml,87,Tintos,,
,,,,,,,,
,Quinta dos Roques (Dăo),,,,,,,
986,Quinta Do Correio Branco (Roques) ," R$ 118,00 "," R$ 79,52 ",12 X 750ml,1645,Brancos,,
2832,Quinta Dos Roques Colheita Branco (Roques)," R$ 242,00 "," R$ 164,39 ",12 X 750ml,347,Brancos,,
903,Quinta Dos Roques Encruzado Branco (Roques) ," R$ 348,00 "," R$ 236,41 ",12 X 750ml,281,Brancos,,
2884,Quinta do Correio Rose (Roques)," R$ 118,00 "," R$ 79,52 ",12 X 750ml,888,Roses,,NOVO
985,Quinta Do Correio Tinto (Roques) ," R$ 118,00 "," R$ 79,52 ",12 X 750ml,3231,Tintos,,
908,Quinta Dos Roques Tinto (Roques) ," R$ 242,00 "," R$ 164,39 ",12 X 750ml,319,Tintos,,
907,Quinta Dos Roques Reserva (Roques) ," R$ 550,00 "," R$ 373,29 ",12 X 750ml,26,Tintos,,
905,Quinta Dos Roques Touriga Nacional (Roques)," R$ 685,00 "," R$ 466,40 ",12 X 750ml,152,Tintos,,
1864,Quinta Dos Roques Garrafeira (Roques) ," R$ 1.307,00 "," R$ 888,76 ",12 X 750ml,115,Tintos,,
,,,,,,,,
,Falua - Conde de Vimioso (Tejo),,,,,,,
1799,Conde Vimioso Branco (Falua)," R$ 129,00 "," R$ 86,33 ",6 X 750ml,195,Brancos,,
2631,Conde Vimioso Sommelier Branco (Falua)," R$ 215,00 "," R$ 143,97 ",6 X 750ml,179,Brancos,,
2708,Conde Vimioso Reserva Branco (Falua) ," R$ 460,00 "," R$ 311,40 ",6 X 750ml,224,Brancos,,
1315,Conde Vimioso Rose (Falua) ," R$ 129,00 "," R$ 86,33 ",6 X 750ml,686,Roses,,
2707,Conde Vimioso Sommelier Rosé (Falua)," R$ 215,00 "," R$ 144,18 ",6 X 750ml,427,Roses,,
1314,Conde Vimioso Tinto (Falua)," R$ 129,00 "," R$ 86,33 ",6 X,457,Tintos,,
2532,Conde Vimioso Sommelier Tinto (Falua)," R$ 215,00 "," R$ 143,97 ",6 X 750ml,1810,Tintos,,
1316,Conde Vimioso Reserva (Falua)," R$ 460,00 "," R$ 310,86 ",6 X 750ml,335,Tintos,,
2788,Conde Vimioso Sommelier Edition Brasil Tinto (Falua)," R$ 215,00 "," R$ 145,15 ",6 X 750ml,1395,Tintos,,
2784,Conde Vimioso Sommelier Edition Tinto Magnum (Falua) ," R$ 577,00 "," R$ 391,79 ",4 X 1500ml,36,Tintos,,
2800,Conde Vimioso Winemakers Blend Tinto (Falua)," R$ 1.190,00 "," R$ 807,63 ",3 X 750ml,96,Tintos,,
2632,Conde Vimioso Vinha Do Convento (Falua)," R$ 2.962,00 "," R$ 2.013,62 ",6 X 750ml,22,Tintos,,
Linha Tâmara,,,,,,,,
2534,Tâmara Branco (Falua)," R$ 88,00 "," R$ 58,62 ",6 X 750ml,3959,Brancos,,
2533,Tâmara Tinto (Falua)," R$ 88,00 "," R$ 58,62 ",6 X 750ml,5112,Tintos,,
,,,,,,,,
,Kompassus (Bairrada),,,,,,,
2449,Kompassus Branco (Kompassus)," R$ 191,00 "," R$ 129,37 ",6 X 750ml,214,Brancos,,
1985,Kompassus Reserva Branco (Kompassus)," R$ 332,00 "," R$ 225,87 ",6 X 750ml,99,Brancos,,
1986,Kompassus Tinto (Kompassus)," R$ 191,00 "," R$ 127,90 ",6 X 750ml,306,Tintos,,
1987,Kompassus Reserva Tinto (Kompassus)," R$ 332,00 "," R$ 225,43 ",6 X 750ml,58,Tintos,,
1988,Kompassus Private Collection (Kompassus) ," R$ 997,00 "," R$ 676,15 ",6 X 750ml,109,Tintos,,
,,,,,,,,
,José Maria da Fonseca (Setubal),,,,,,,
2139,Alambre Moscatel De Setubal (Jmf)," R$ 198,00 "," R$ 133,33 ",6 X 750ml,831,Doces e Fortificados,,
2451,Alambre Moscatel Roxo De Setubal (Jmf) ," R$ 299,00 "," R$ 202,22 ",6 X 750ml,0,Doces e Fortificados,,
2142,Dsf Moscatel Roxo (Jmf) ," R$ 514,00 "," R$ 349,03 ",6 X 750ml,33,Doces e Fortificados,,
2138,Alambre 20 Anos 500Ml (Jmf)," R$ 650,00 "," R$ 441,02 ",6 X 500ml,73,Doces e Fortificados,,
2144,Moscatel Roxo 20 Anos 500Ml (Jmf)," R$ 2.505,00 "," R$ 1.703,13 ",2 X 500ml,41,Doces e Fortificados,,
2351,Bse Branco (Jmf)," R$ 159,00 "," R$ 107,23 ",6 X 750ml,1130,Brancos,,
2552,Verdelho Dsf (Jmf) ," R$ 207,00 "," R$ 139,72 ",6 X 750ml,172,Brancos,,
2717,DSF Roxo Rosę (Jmf)," R$ 239,00 "," R$ 162,17 ",6 X 750ml,161,Roses,,
2601,Hexagon Tinto (Jmf)," R$ 2.030,00 "," R$ 1.380,03 ",3 X 750ml,146,Tintos,,
,,,,,,,,
,Adega José de Sousa (Alentejo),,,,,,,
2763,Artisanal Branco (Adega Jose de Sousa))," R$ 117,00 "," R$ 79,24 ",6 X 750ml,641,Brancos,,
2764,Artisanal Tinto (Adega Jose de Sousa)," R$ 117,00 "," R$ 79,24 ",6 X 750ml,593,Tintos,,
2765,Artisanal Tinto Reserva (Adega Jose de Sousa)," R$ 156,00 "," R$ 105,91 ",6 X 750ml,830,Tintos,,
2222,Ripanco Tinto (Adega Jose de Sousa)," R$ 198,00 "," R$ 133,64 ",6 X 750ml,257,Tintos,,
2223,Jose De Sousa Tinto (Adega Jose de Sousa)," R$ 230,00 "," R$ 155,53 ",6 X 750ml,761,Tintos,,
2653,José de Sousa Reserva (Adega Jose de Sousa)," R$ 325,00 "," R$ 220,69 ",6 X 750ml,634,Tintos,,
2224,Jose De Sousa Mayor (Adega Jose de Sousa)," R$ 492,00 "," R$ 333,08 ",3 X 750ml,25,Tintos,,
2225,J Tinto  (Adega Jose de Sousa)," R$ 792,00 "," R$ 537,46 ",3 X 750ml,250,Tintos,,
,,,,,,,,
,Jorge Rosa Santos (Alentejo),,,,,,,
2774,Implicit Branco (Rosa Santos)," R$ 189,00 "," R$ 128,41 ",6 X 750ml,756,Brancos,,
2775,Implicit Tinto (Rosa Santos)," R$ 189,00 "," R$ 128,41 ",6 X 750ml,631,Tintos,,
2776,Explicit Tinto (Rosa Santos)," R$ 385,00 "," R$ 262,04 ",6 X 750ml,382,Tintos,,
2777,X Vinhas Velhas (Rosa Santos)," R$ 526,00 "," R$ 357,22 ",4 X 750ml,226,Tintos,,
2778,X Alicante Bouschet (Rosa Santos)," R$ 526,00 "," R$ 357,22 ",4 X 750ml,203,Tintos,,
,,,,,,,,
,ALEMANHA,,,,,,,
,Franz Künstler (Rheingau),,,,,,,
2278,Riesling Estate (F. Kunstler)," R$ 399,00 "," R$ 270,19 ",12 X 750ml,108,Brancos,,
1035,Riesling Holle (F. Kunstler)," R$ 514,00 "," R$ 347,77 ",12 X 750ml,100,Brancos,,
,,,,,,,,
,Hermann Dönhoff (Nahe),,,,,,,
1039,Riesling Trocken (H. Donnhoff)," R$ 422,00 "," R$ 285,49 ",6 X 750ml,104,Brancos,,
,,,,,,,,
,Eugen Müller (Pfalz),,,,,,,
2472,Charisma (E. Muller)," R$ 227,00 "," R$ 152,41 ",12 X 750ml,845,Brancos,,
552,Forster Mar.Riesling (E. Muller)," R$ 227,00 "," R$ 152,41 ",12 X 750ml,708,Brancos,,
2734,Spatburgunder HF (E. Muller)," R$ 307,00 "," R$ 207,82 ",12 X 750ml,280,Tintos,,
,,,,,,,,
,AUSTRIA,,,,,,,
,Hiedler (Kamptal),,,,,,,
2380,Gruner Veltliner Loss (Hiedler)," R$ 351,00 "," R$ 237,37 ",12 X 750ml,13,Brancos,,
2381,Riesling Langenlois (Hiedler)," R$ 540,00 "," R$ 366,81 ",12 X 750ml,33,Brancos,,
,,,,,,,,
,GRÉCIA,,,,,,,
,Tetramythos (Peloponeso),,,,,,,
2386,Roditis (Tetramythos)," R$ 225,00 "," R$ 151,78 ",12 X 750ml,250,Brancos,,
2385,Retsina (Tetramythos)," R$ 222,00 "," R$ 148,68 ",12 X 750ml,258,Brancos,,
2390,Agiorgitiko (Tetramythos)," R$ 225,00 "," R$ 152,73 ",12 X 750ml,327,Tintos,,
2389,Mavro Kalavritino (Tetramythos)," R$ 225,00 "," R$ 151,38 ",12 X 750ml,32,Tintos,,
,,,,,,,,
,AFRICA DO SUL,,,,,,,
,Glen Carlou (Paarl),,,,,,,
2655,Petite Chardonnay (Glen Carlou)," R$ 169,00 "," R$ 114,70 ",6 X 750ml,960,Brancos,,
2654,Petite Classique (Glen Carlou)," R$ 169,00 "," R$ 114,70 ",6 X 750ml,365,Tintos,,
1731,Pinot Noir (Glen Carlou)," R$ 303,00 "," R$ 204,96 ",6 X 750ml,276,Tintos,,
1730,Cabernet Sauvignon (Glen Carlou)," R$ 316,00 "," R$ 213,65 ",6 X 750ml,231,Tintos,,
1732,Grand Classique (Glen Carlou)," R$ 415,00 "," R$ 280,82 ",6 X 750ml,266,Tintos,,
1735,Gravel Quarry Cabernet (Glen Carlou)," R$ 769,00 "," R$ 521,61 ",6 X 750ml,23,Tintos,,
,,,,,,,,
,Raka (Overberg),,,,,,,
379,Sauvignon Blanc (Raka)," R$ 215,00 "," R$ 144,42 ",6 X 750ml,89,Brancos,,
383,Spliced (Raka)," R$ 254,00 "," R$ 170,68 ",6 X 750ml,53,Tintos,,
384,Pinotage (Raka)," R$ 277,00 "," R$ 186,92 ",6 X 750ml,432,Tintos,,
,,,,,,,,
,AUSTRÁLIA,,,,,,,
,Kilikanoon (Clare Valley),,,,,,,
705,Morts Block Riesling (Kilikanoon)," R$ 366,00 "," R$ 249,35 ",12 X 750ml,414,Brancos,,
2791,Shiraz Meymans (Kilikanoon)," R$ 227,00 "," R$ 154,08 ",12 X 750ml,1357,Tintos,,
701,Killermans Run Shiraz (Kilikanoon)," R$ 303,00 "," R$ 205,92 ",12 X 750ml,442,Tintos,,
702,Prodigal Grenache (Kilikanoon)," R$ 366,00 "," R$ 249,35 ",12 X 750ml,403,Tintos,,
704,Oracle Shiraz (Kilikanoon)," R$ 1.063,00 "," R$ 722,82 ",6 X 750ml,130,Tintos,,
,,,,,,,,
,ESTADOS UNIDOS,,,,,,,
,J. Lohr (California - Monterey e Paso Robles),,,,,,,
231,Chardonnay Cypress (J.Lohr)," R$ 269,00 "," R$ 182,23 ",12 X 750ml,922,Brancos,,
233,Cypress Cabernet (J.Lohr)," R$ 269,00 "," R$ 182,23 ",12 X 750ml,503,Tintos,,
2745,Merlot Cypress (J.Lohr)," R$ 269,00 "," R$ 182,23 ",12 X 750ml,570,Tintos,,
230,Cabernet Sauvignon Seven Oaks (J.Lohr)," R$ 518,00 "," R$ 350,61 ",12 X 750ml,24,Tintos,,
234,Hilltop Cabernet Sauvignon (J.Lohr)," R$ 862,00 "," R$ 585,29 ",6 X 750ml,15,Tintos,,
,,,,,,,,
,CHILE,,,,,,,
,El Principal (Maipo),,,,,,,
2210,Kine Verdejo (El Principal)," R$ 548,00 "," R$ 372,43 ",6 X 750ml,55,Brancos,,
1046,Calicanto (El Principal)," R$ 269,00 "," R$ 181,83 ",6 X 750ml,7979,Tintos,,
1558,Calicanto Magnum (El Principal)," R$ 626,00 "," R$ 423,99 ",6 X 1500ml,134,Tintos,,
1047,Memorias (El Principal)," R$ 580,00 "," R$ 377,97 ",6 X 750ml,4143,Tintos,,
1556,Memorias Magnum (El Principal)," R$ 1.268,00 "," R$ 861,01 ",3 X 1500ml,121,Tintos,,
1557,Memorias Double Magnum 3000ml (El Principal)," R$ 2.477,00 "," R$ 1.683,92 ",1 X 3000ml,0,Tintos,,
1048,El Principal Andetelmo (El Principal)," R$ 1.421,00 "," R$ 965,10 ",6 X 750ml,224,Tintos,,
2096,El Principal Magnum (El Principal)," R$ 2.795,00 "," R$ 1.899,91 ",3 X 1500ml,58,Tintos,,
,,,,,,,,
,G2 Gonzalo Guzmán (Maipo-Andes),,,,,,,
2662,Alba de Andes (G2 Gonzalo Guzman)," R$ 304,00 "," R$ 205,27 ",6 X 750ml,80,Brancos,,
2664,Vontade (G2 Gonzalo Guzman)," R$ 309,00 "," R$ 208,41 ",6 X 750ml,1173,Tintos,,
2843,Vontade Magnum (G2 Gonzalo Guzman)," R$ 765,00 "," R$ 520,50 ",6 X 1500ml,157,Tintos,,
2844,Oriundo de Itata (G2 Gonzalo Guzman)," R$ 292,00 "," R$ 198,22 ",6 X 750ml,26,Tintos,,
2714,El Afan (G2 Gonzalo Guzman)," R$ 387,00 "," R$ 262,21 ",6 X 750ml,166,Tintos,,
2663,Garboso (G2 Gonzalo Gusman)," R$ 485,00 "," R$ 328,79 ",6 X 750ml,211,Tintos,,
,,,,,,,,
,Reta Espanha (Limari e Maule),,,,,,,
2665,Quebrada Seca (Reta Marcelo Retamal)," R$ 709,00 "," R$ 480,63 ",6 X 750ml,595,Brancos,,
2666,Quebrada Chalinga (Reta Marcelo Retamal)," R$ 709,00 "," R$ 480,63 ",6 X 750ml,100,Tintos,,
2667,Romelio (Reta Marcelo Retamal)," R$ 782,00 "," R$ 530,67 ",6 X 750ml,73,Tintos,,
2877,Semillon (Reta Marcelo Retamal)," R$ 325,00 "," R$ 221,00 ",12 X 750ml,5,Brancos,,NOVO
,,,,,,,,
,"Terranoble (Maule, Colchagua e Casablanca)",,,,,,,
274,Chardonnay Civis (Terranoble)," R$ 142,00 "," R$ 94,04 ",12 X 750ml,237,Brancos,,
273,Sauvignon Blanc Civis (Terranoble)," R$ 142,00 "," R$ 94,04 ",12 X 750ml,406,Brancos,,
2496,Chardonnay Algarrobo (Terranoble)," R$ 242,00 "," R$ 162,39 ",12 X 750ml,142,Brancos,,
268,Carmenere Civis (Terranoble)," R$ 142,00 "," R$ 94,04 ",12 X 750ml,489,Tintos,,
272,Cab. Sauvignon Civis (Terranoble)," R$ 142,00 "," R$ 94,04 ",12 X 750ml,790,Tintos,,
1860,Pinot Noir Civis (Terranoble)," R$ 142,00 "," R$ 94,24 ",12 X 750ml,1041,Tintos,,
2508,Merlot Civis (Terranoble)," R$ 142,00 "," R$ 94,04 ",12 X 750ml,366,Tintos,,
2497,Carignan Azara (Terranoble)," R$ 242,00 "," R$ 162,39 ",12 X 750ml,56,Tintos,,
267,Cab. Sauvignon Azara (Terranoble)," R$ 242,00 "," R$ 162,39 ",12 X 750ml,266,Tintos,,
269,Carmenere Azara (Terranoble)," R$ 242,00 "," R$ 162,39 ",12 X 750ml,279,Tintos,,
2509,Pinot Noir Algarrobo (Terranoble)," R$ 242,00 "," R$ 162,39 ",12 X 750ml,59,Tintos,,
1308,Ca1 Carmenere Andes (Terranoble)," R$ 365,00 "," R$ 246,17 ",12 X 750ml,284,Tintos,,
1307,Ca2 Carmenere Costa (Terranoble) ," R$ 365,00 "," R$ 246,17 ",12 X 750ml,196,Tintos,,
137,Lahuen Rojo (Terranoble)," R$ 425,00 "," R$ 287,32 ",12 X 750ml,329,Tintos,,
2845,Raices del Maule (Terranoble)," R$ 1.235,00 "," R$ 839,80 ",6 X 750ml,34,Tintos,,
Linha Varietal,,,,,,,,
277,Sauvignon Blanc Estate (Terranoble)," R$ 85,00 "," R$ 55,56 ",12 X 750ml,3302,Brancos,,
278,Chardonnay Estate (Terranoble)," R$ 85,00 "," R$ 56,37 ",12 X 750ml,2487,Brancos,,
289,Chardonnay Estate 375Ml (Terranoble)," R$ 53,00 "," R$ 34,79 ",24 X 375ml,3285,Brancos,,
276,Cab. Sauvignon Estate (Terranoble)," R$ 85,00 "," R$ 56,37 ",12 X 750ml,4648,Tintos,,
288,Cab. Sauvignon Estate 375Ml (Terranoble)," R$ 53,00 "," R$ 34,79 ",24 X 375ml,3138,Tintos,,
418,Carmenere Estate (Terranoble)," R$ 85,00 "," R$ 56,37 ",12 X 750ml,5963,Tintos,,
,,,,,,,,
,Villard (Casablanca e Maipo),,,,,,,
57,Sauvignon Blanc Expresion Res. (Villard)," R$ 199,00 "," R$ 135,32 ",12 X 750ml,42,Brancos,,
48,Chardonnay Expresion Reserva (Villard)," R$ 199,00 "," R$ 135,32 ",12 X 750ml,63,Brancos,,
2647,Semillon (Villard)," R$ 274,00 "," R$ 185,82 ",12 X 750ml,74,Brancos,,
34,Le Chardonnay Grand Vin (Villard)," R$ 295,00 "," R$ 199,46 ",12 X 750ml,214,Brancos,,
2744,Chardonnay Arganat (Villard)," R$ 622,00 "," R$ 422,24 ",6 X 750ml,85,Brancos,,
2612,Pinot Grigio Ramato (Villard)," R$ 274,00 "," R$ 185,82 ",12 X 750ml,188,Roses,,
2014,Syrah Expresion Reserva (Villard)," R$ 199,00 "," R$ 135,32 ",12 X 750ml,136,Tintos,,
42,Pinot Noir Expresion (Villard)," R$ 199,00 "," R$ 135,32 ",12 X 750ml,83,Tintos,,
2690,Carignan JCV (Villard)," R$ 274,00 "," R$ 185,82 ",6 X 750ml,20,Tintos,,
2691,Grenache JCV (Villard)," R$ 274,00 "," R$ 185,82 ",6 X 750ml,154,Tintos,,
136,L Assemblage Grand Vin (Villard)," R$ 295,00 "," R$ 199,46 ",12 X 750ml,128,Tintos,,
29,Gran Vin Le Pinot Noir (Villard)," R$ 440,00 "," R$ 297,68 ",12 X 750ml,53,Tintos,,
2646,Le Syrah Grand Vin (Villard)," R$ 440,00 "," R$ 297,68 ",12 X 750ml,99,Tintos,,
46,Tanagra  Syrah (Villard)," R$ 910,00 "," R$ 619,85 ",12 X 750ml,121,Tintos,,
,,,,,,,,
,Vińedos de Alcohuaz (Valle de Elqui),,,,,,,
2786,VDA 7 (Alcohuaz)," R$ 257,00 "," R$ 174,06 ",12 X 750ml,197,Tintos,,
2340,Grus (Alcohuaz)," R$ 406,00 "," R$ 274,19 ",6 X 750ml,95,Tintos,,
2466,Syrah Tococo (Alcohuaz)," R$ 579,00 "," R$ 391,91 ",6 X 750ml,40,Tintos,,
2468,Cuesta Chica (Alcohuaz)," R$ 579,00 "," R$ 391,91 ",6 X 750ml,162,Tintos,,
2341,Rhu (Alcohuaz)," R$ 783,00 "," R$ 530,75 ",6 X 750ml,129,Tintos,,
,,,,,,,,
,URUGUAI,,,,,,,
,Bouza (Montevideo e Canelones),,,,,,,
301,Chardonnay (Bodega Bouza)," R$ 340,00 "," R$ 230,51 ",6 X 750ml,533,Brancos,,
307,Albarinho (Bodega Bouza)," R$ 340,00 "," R$ 230,30 ",6 X 750ml,734,Brancos,,
2039,Coco Chardonnay Albarino (Bouza)," R$ 819,00 "," R$ 556,82 ",6 X 750ml,155,Brancos,,
303,Tannat (Bodega Bouza)," R$ 340,00 "," R$ 228,29 ",12 X 750ml,552,Tintos,,
305,Tannat Merlot (Bodega Bouza)," R$ 340,00 "," R$ 229,06 ",6 X 750ml,531,Tintos,,
304,Tempranillo Tannat (Bodega Bouza)," R$ 436,00 "," R$ 295,81 ",6 X 750ml,312,Tintos,,
2369,Tannat Pan De Azucar (Bodega Bouza)," R$ 582,00 "," R$ 394,90 ",6 X 750ml,242,Tintos,,
2789,Merlot Pan De Azucar (Bodega Bouza)," R$ 582,00 "," R$ 395,36 ",6 X 750ml,135,Tintos,,
1649,Tannat Parcela Única A6 (Bodega Bouza)," R$ 668,00 "," R$ 453,71 ",6 X 750ml,121,Tintos,,
2790,Tannat Las Espinas (Bodega Bouza)," R$ 819,00 "," R$ 556,63 ",6 X 750ml,80,Tintos,,
192,Monte Vide Eu (Bodega Bouza)," R$ 834,00 "," R$ 565,58 ",6 X 750ml,261,Tintos,,
,,,,,,,,
,ARGENTINA,,,,,,,
,Luigi Bosca (Luján de Cuyo e Maipú),,,,,,,
2622,La Linda Extra Brut (Luigi Bosca)," R$ 109,00 "," R$ 74,12 ",6 X 750ml,3621,Frisantes e Espumantes,,
2846,La Linda Sweet (Luigi Bosca)," R$ 109,00 "," R$ 74,12 ",6 X 750ml,646,Doces e Fortificados,,
199,La Linda Chardonnay (Luigi Bosca)," R$ 109,00 "," R$ 74,12 ",6 X 750ml,10668,Brancos,,
559,La Linda Torrontes (Luigi Bosca)," R$ 109,00 "," R$ 74,12 ",6 X 750ml,5158,Brancos,,
177,La Linda Rose (Luigi Bosca)," R$ 109,00 "," R$ 74,12 ",6 X 750ml,7564,Roses,,
176,La Linda Malbec (Luigi Bosca)," R$ 109,00 "," R$ 74,12 ",6 X 750ml,55173,Tintos,,
194,La Linda Cabernet Sauvignon (Luigi Bosca)," R$ 109,00 "," R$ 74,12 ",6 X 750ml,15208,Tintos,,
2178,La Linda Old Vines Malbec (Luigi Bosca)," R$ 153,00 "," R$ 103,68 ",6 X 750ml,4239,Tintos,,
Tier 1 - Insignia,,,,,,,,
163,Gewurztraminer Granos Nobles 500Ml (Luigi Bosca)," R$ 399,00 "," R$ 271,36 ",6 X 500ml,230,Doces e Fortificados,,
180,Chardonnay Insignia (Luigi Bosca)," R$ 215,00 "," R$ 146,11 ",6 X 750ml,1464,Brancos,,
191,Sauvignon Blanc Insignia (Luigi Bosca)," R$ 215,00 "," R$ 146,11 ",6 X 750ml,1029,Brancos,,
153,Riesling (Luigi Bosca)," R$ 215,00 "," R$ 146,11 ",6 X 750ml,3606,Brancos,,
151,Cabernet Sauvignon Insignia (Luigi Bosca)," R$ 215,00 "," R$ 146,11 ",6 X 750ml,2335,Tintos,,
152,Malbec Insignia (Luigi Bosca)," R$ 215,00 "," R$ 146,11 ",6 X 750ml,6812,Tintos,,
165,Pinot Noir Insignia (Luigi Bosca)," R$ 215,00 "," R$ 146,11 ",6 X 750ml,1199,Tintos,,
Tier 2 - De Sangre,,,,,,,,
2645,White Blend De Sangre (Luigi Bosca)," R$ 290,00 "," R$ 195,18 ",6 X 750ml,986,Brancos,,
2849,A Rosé is a Rosé is a Rosé (Luigi Bosca)," R$ 290,00 "," R$ 195,18 ",6 X 750ml,1053,Roses,,
161,Malbec DOC De Sangre (Luigi Bosca)," R$ 312,00 "," R$ 210,61 ",6 X 750ml,3366,Tintos,,
1537,Corte De Sangre (Luigi Bosca)," R$ 312,00 "," R$ 210,74 ",6 X 750ml,585,Tintos,,
2639,Malbec Finca Los Miradores De Sangre (Luigi Bosca)," R$ 312,00 "," R$ 210,74 ",6 X 750ml,245,Tintos,,
2641,Malbec Ed. Limitada De Sangre (Luigi Bosca)," R$ 312,00 "," R$ 210,74 ",6 X 750ml,283,Tintos,,
2642,Cabernet Franc De Sangre (Luigi Bosca)," R$ 312,00 "," R$ 210,74 ",6 X 750ml,1481,Tintos,,
2643,Cabernet Sauvignon De Sangre (Luigi Bosca) ," R$ 312,00 "," R$ 210,74 ",6 X 750ml,944,Tintos,,
Tier 3 - Top,,,,,,,,
178,Boheme Espumoso  (Luigi Bosca)," R$ 675,00 "," R$ 457,79 ",4 X 750ml,102,Frisantes e Espumantes,,
2855,Chardonnay Filos (Luigi Bosca)," R$ 965,00 "," R$ 654,88 ",4 X 750ml,62,Brancos,,
155,Malbec DOC Los Nobles (Luigi Bosca)," R$ 789,00 "," R$ 535,21 ",6 X 750ml,239,Tintos,,
2866,Cabernet Sauvignon Leon (Luigi Bosca)," R$ 1.072,00 "," R$ 729,30 ",4 X 750ml,96,Tintos,,
2683,Paraíso (Luigi Bosca) ," R$ 1.331,00 "," R$ 904,31 ",6 X 750ml,283,Tintos,,
,,,,,,,,
,Vińa Alicia (Luján de Cuyo),,,,,,,
139,Paso De Piedra Cabernet Sauvignon (Vina Alicia)," R$ 240,00 "," R$ 162,93 ",6 X 750ml,89,Tintos,,
138,Paso De Piedra Malbec (Vina Alicia)," R$ 240,00 "," R$ 162,93 ",6 X 750ml,268,Tintos,,
141,Malbec (Vina Alicia)," R$ 433,00 "," R$ 292,66 ",6 X 750ml,159,Tintos,,
147,Malbec Brote Negro (Vina Alicia)," R$ 2.295,00 "," R$ 1.559,92 ",6 X 750ml,175,Tintos,,
,,,,,,,,
,Alta Yari (Valle de Uco),,,,,,,
2746,Torrontes Dulce 4 Nevada (Alta Yari)," R$ 352,00 "," R$ 238,54 ",6 X 500ml,323,Doces e Fortificados,,
2671,Chardonnay (Alta Yari)," R$ 110,00 "," R$ 73,30 ",12 X 750ml,1905,Brancos,,
2674,Chardonnay Reserva (Alta Yari)," R$ 161,00 "," R$ 108,43 ",12 X 750ml,555,Brancos,,
2672,Torrontes (Alta Yari) ," R$ 110,00 "," R$ 73,30 ",12 X 750ml,862,Brancos,,
2678,Gran Torrontes (Alta Yari)," R$ 273,00 "," R$ 185,17 ",6 X 750ml,318,Brancos,,
2673,Malbec (Alta Yari) ," R$ 110,00 "," R$ 73,30 ",12 X 750ml,1710,Tintos,,
2676,Malbec Reserva (Alta Yari)," R$ 161,00 "," R$ 108,43 ",12 X 750ml,1325,Tintos,,
2677,Cabernet Franc Reserva (Alta Yari)," R$ 161,00 "," R$ 108,43 ",12 X 750ml,837,Tintos,,
2675,Cabernet Sauvignon Reserva (Alta Yari)," R$ 161,00 "," R$ 108,43 ",12 X 750ml,483,Tintos,,
2779,Pinot Noir (Alta Yari) ," R$ 273,00 "," R$ 185,69 ",6 X 750ml,227,Tintos,,
2679,Gran Malbec (Alta Yari) ," R$ 273,00 "," R$ 185,17 ",6 X 750ml,825,Tintos,,
2680,Gran Corte (Alta Yari)," R$ 320,00 "," R$ 216,94 ",6 X 750ml,576,Tintos,,
2841,Malbec Gran Calcareo (Alta Yari) ," R$ 680,00 "," R$ 462,90 ",6 X 750ml,411,Tintos,,
,,,,,,,,
,Phebus-Bodegas Fabre (Mendoza),,,,,,,
2835,Chardonnay Estate (Phebus-Bodegas Fabre)," R$ 82,00 "," R$ 54,96 ",12 X 750ml,3363,Brancos,,
2840,Chardonnay Reserva (Phebus-Bodegas Fabre)," R$ 135,00 "," R$ 91,62 ",12 X 750ml,191,Brancos,,
2837,Torrontes Estate (Phebus-Bodegas Fabre)," R$ 82,00 "," R$ 54,96 ",12 X 750ml,2704,Brancos,,
2834,Rose Estate (Phebus-Bodegas Fabre)," R$ 82,00 "," R$ 54,96 ",12 X 750ml,1686,Roses,,
2833,Malbec Estate (Phebus-Bodegas Fabre)," R$ 82,00 "," R$ 54,96 ",12 X 750ml,5652,Tintos,,
2836,Cabernet Estate (Phebus-Bodegas Fabre)," R$ 82,00 "," R$ 54,96 ",12 X 750ml,1581,Tintos,,
2838,Malbec Reserva (Phebus-Bodegas Fabre)," R$ 135,00 "," R$ 91,62 ",12 X 750ml,2825,Tintos,,
2839,Cabernet Reserva (Phebus-Bodegas Fabre)," R$ 135,00 "," R$ 91,62 ",12 X 750ml,2665,Tintos,,
2885,Malbec Gran Reserva (Phebus-Bodegas Fabre)," R$ 297,00 "," R$ 201,96 ",12 X 750ml,347,Tintos,,NOVO
,,,,,,,,
,Bodega Yacochuya (Salta),,,,,,,
2879,Torrontes Coquena (Bodega Yacochuya) ," R$ 147,00 "," R$ 99,46 ",6 X 750ml,3221,Brancos,,NOVO
2895,Torrontes (Bodega Yacochuya)," R$ 228,00 "," R$ 155,04 ",6 X 750ml,37,Brancos,,NOVO
2878,Malbec Coquena (Bodega Yacochuya) ," R$ 147,00 "," R$ 99,46 ",6 X 750ml,4236,Tintos,,NOVO
2880,Tannat Coquena (Bodega Yacochuya)," R$ 147,00 "," R$ 99,46 ",6 X 750ml,839,Tintos,,NOVO
2881,Blend Coquena (Bodega Yacochuya) ," R$ 194,00 "," R$ 131,68 ",6 X 750ml,673,Tintos,,NOVO
2882,Blend Spy (Bodega Yacochuya) ," R$ 464,00 "," R$ 315,18 ",6 X 750ml,368,Tintos,,NOVO
2883,Malbec Spy (Bodega Yacochuya) ," R$ 610,00 "," R$ 414,64 ",6 X 750ml,182,Tintos,,NOVO
2894,Yacochuya (Bodega Yacochuya)," R$ 945,00 "," R$ 642,60 ",6 X 750ml,9,Tintos,,NOVO
,,,,,,,,
,Colomé (Salta),,,,,,,
38,Torrontes Estate (Colome)," R$ 142,00 "," R$ 94,69 ",6 X 750ml,198,Brancos,,
36,Malbec Estate (Colome)," R$ 266,00 "," R$ 180,36 ",6 X 750ml,654,Tintos,,
1559,Colome Lote Especial Malbec (Colome)," R$ 312,00 "," R$ 210,75 ",6 X 750ml,8,Tintos,,
1867,Bonarda Lote Especial (Colome)," R$ 312,00 "," R$ 210,75 ",6 X 750ml,26,Tintos,,
2015,Colome Autentico (Colome)," R$ 496,00 "," R$ 336,37 ",6 X 750ml,111,Tintos,,
2407,Malbec Altura Maxima (Colome)," R$ 2.167,00 "," R$ 1.451,67 ",3 X 750ml,113,Tintos,,
2887,Malbec 1831 Oldest Vines (Colome)," R$ 787,00 "," R$ 535,16 ",6 X 750ml,68,Tintos,,NOVO
,,,,,,,,
,Familia Schroeder (Patagonia),,,,,,,
1216,Sauvignon Blanc Saurus (Schroeder)," R$ 147,00 ",#VALOR!,12 X 750ml,160,Brancos,,
1217,Chardonnay Saurus (Schroeder)," R$ 147,00 ",#VALOR!,12 X 750ml,140,Brancos,,
2660,Pinot Noir Rose Saurus (Schroeder)," R$ 147,00 ",#VALOR!,12 X 750ml,34,Roses,,
2682,Malbec Bariloche (Schroeder)," R$ 108,00 ",#VALOR!,6 X 750ml,1456,Tintos,,
1218,Merlot Saurus (Schroeder)," R$ 147,00 ",#VALOR!,12 X 750ml,295,Tintos,,
1219,Malbec Saurus (Schroeder)," R$ 147,00 ",#VALOR!,12 X 750ml,919,Tintos,,
1222,Pinot Noir Saurus (Schroeder)," R$ 147,00 ",#VALOR!,12 X 750ml,1269,Tintos,,
1226,Malbec Select (Schroeder)," R$ 199,00 ",#VALOR!,12 X 750ml,325,Tintos,,
1228,Pinot Noir Select (Schroeder)," R$ 199,00 ",#VALOR!,6 X 750ml,398,Tintos,,
1229,Pinot Noir Barrel Fermented (Schroeder)," R$ 322,00 ",#VALOR!,6 X 750ml,44,Tintos,,
1230,Malbec Barrel Fermented (Schroeder)," R$ 322,00 ",#VALOR!,6 X 750ml,150,Tintos,,
2659,Cabernet Franc Barrel Fermented (Schroeder)," R$ 322,00 ",#VALOR!,6 X 750ml,143,Tintos,,
1670,Familia Schroeder Malbec (Schroeder)," R$ 654,00 ",#VALOR!,6 X 750ml,75,Tintos,,
